Cluster,count,mean,std,min,25%,50%,75%,max
0,1236.0,311674.0906148867,90924.0059560434,193812.0,233922.0,290824.0,373303.5,526304.0
1,4257.0,75259.07963354475,50439.46166172965,761.0,33736.0,63620.0,109982.0,193643.0
2,305.0,740274.9049180328,207858.89395131802,527417.0,589643.0,674126.0,829700.0,1932790.0
